order_item_id,order_id,product_id,quantity,unit_price,discount_pct,line_total
OI-0000005,OR-000002,SKU-0043,3,47.93,0.10,129.41
OI-0000006,OR-000002,SKU-0032,4,46.35,0.05,176.13
OI-0000007,OR-000002,SKU-0038,3,21.08,0.00,63.24
OI-0000008,OR-000002,SKU-0056,6,33.56,0.15,171.16
OI-0000009,OR-000002,SKU-0055,3,7.92,0.00,23.76
OI-0000010,OR-000003,SKU-0005,5,42.53,0.00,212.65
OI-0000011,OR-000004,SKU-0046,5,40.95,0.00,204.75
OI-0000012,OR-000005,SKU-0054,1,31.89,0.00,31.89
OI-0000013,OR-000005,SKU-0051,0,14.92,0.00,0.00
OI-0000014,OR-000005,SKU-0026,5,21.39,0.00,106.95
OI-0000029,OR-000011,SKU-0016,1,46.17,0.00,46.17
OI-0000030,OR-000011,SKU-0045,3,16.47,0.05,46.94
OI-0000031,OR-990000,SKU-0053,3,10.85,0.15,27.67
OI-0000032,OR-000011,SKU-0001,3,14.26,0.00,42.78
OI-0000036,OR-000013,SKU-0010,2,37.20,0.00,74.40
OI-0000037,OR-000013,SKU-0055,1,7.92,0.00,7.92
OI-0000038,OR-000013,SKU-0014,5,43.57,0.05,206.96
OI-0000039,OR-000013,SKU-0032,2,46.35,0.00,92.70
OI-0000041,OR-000015,SKU-0020,6,31.62,0.15,161.26
OI-0000042,OR-000015,SKU-0048,5,24.84,0.05,117.99
OI-0000043,OR-000015,SKU-0023,2,8.40,0.00,16.80
OI-0000044,OR-000015,SKU-0050,1,46.08,0.00,46.08
OI-0000048,OR-000017,SKU-0021,1,3.76,0.00,3.76
OI-0000049,OR-000018,SKU-0044,6,26.37,0.15,134.49
OI-0000050,OR-000018,SKU-0038,2,21.08,0.15,35.84
OI-0000051,OR-000018,SKU-0018,4,3.17,0.10,11.41
OI-0000055,OR-000021,SKU-0023,4,8.40,0.00,33.60
OI-0000056,OR-000021,SKU-0059,6,29.19,0.10,157.63
OI-0000066,OR-000024,SKU-0056,3,33.56,0.00,100.68
OI-0000067,OR-000024,SKU-0010,3,37.20,0.05,106.02
OI-0000068,OR-000024,SKU-0021,3,3.76,0.15,9.59
OI-0000069,OR-000024,SKU-0043,5,47.93,0.00,239.65
OI-0000070,OR-000025,SKU-0036,6,13.87,0.00,83.22
OI-0000071,OR-000025,SKU-0026,1,21.39,0.15,18.18
OI-0000072,OR-000025,SKU-0058,5,45.65,0.00,228.25
OI-0000073,OR-000025,SKU-0059,4,29.19,0.05,110.92
OI-0000074,OR-000025,SKU-0014,3,43.57,0.00,130.71
OI-0000075,OR-000026,SKU-0014,6,43.57,0.00,261.42
OI-0000076,OR-000026,SKU-0019,6,40.98,0.00,245.88
OI-0000077,OR-000026,SKU-0055,4,7.92,0.00,31.68
OI-0000084,OR-000029,SKU-0007,4,39.44,0.10,141.98
OI-0000085,OR-000029,SKU-0059,3,29.19,0.10,78.81
OI-0000086,OR-000029,SKU-0033,3,37.17,0.00,111.51
OI-0000087,OR-000030,SKU-0045,2,16.47,0.10,29.65
OI-0000088,OR-000030,SKU-0053,1,10.85,0.10,9.77
OI-0000092,OR-000032,SKU-0009,6,33.65,0.15,171.61
OI-0000093,OR-000032,SKU-0038,1,21.08,0.00,21.08
OI-0000103,OR-000035,SKU-0024,3,21.04,0.00,63.12
OI-0000104,OR-000035,SKU-0056,1,33.56,0.05,31.88
OI-0000108,OR-000037,SKU-0012,5,40.02,0.10,180.09
OI-0000109,OR-000038,SKU-0020,6,31.62,0.10,170.75
OI-0000110,OR-000039,SKU-0027,1,10.49,0.10,9.44
OI-0000111,OR-000039,SKU-0010,2,37.20,0.15,63.24
OI-0000112,OR-000039,SKU-0042,3,36.89,0.05,105.14
OI-0000113,OR-000039,SKU-0051,5,14.92,0.00,74.60
OI-0000114,OR-000039,SKU-0001,1,14.26,0.10,12.83
OI-0000122,OR-000042,SKU-0046,6,40.95,0.15,208.84
OI-0000123,OR-000042,SKU-0025,3,33.88,0.00,101.64
OI-0000132,OR-000045,SKU-0036,2,13.87,0.10,24.97
OI-0000133,OR-000045,SKU-0010,3,37.20,0.10,100.44
OI-0000134,OR-000045,SKU-0001,2,14.26,0.00,28.52
OI-0000135,OR-000045,SKU-0054,5,31.89,0.05,151.48
OI-0000136,OR-000045,SKU-0015,3,11.18,0.00,33.54
OI-0000137,OR-000046,SKU-0020,2,31.62,0.05,60.08
OI-0000138,OR-000047,SKU-0023,1,8.40,0.00,8.40
OI-0000140,OR-000049,SKU-0060,5,23.25,0.00,116.25
OI-0000141,OR-000049,SKU-0022,3,26.86,0.00,80.58
OI-0000142,OR-000049,SKU-0041,5,19.76,0.00,98.80
OI-0000143,OR-000049,SKU-0058,4,45.65,0.00,182.60
OI-0000144,OR-000049,SKU-0001,1,14.26,0.15,12.12
OI-0000145,OR-000050,SKU-0019,5,40.98,0.05,194.65
OI-0000146,OR-000050,SKU-0057,2,11.57,0.00,23.14
OI-0000147,OR-000050,SKU-0030,3,47.21,0.05,134.55
OI-0000148,OR-000050,SKU-0002,5,15.08,0.15,64.09
OI-0000150,OR-000052,SKU-0034,5,24.16,0.10,108.72
OI-0000151,OR-000052,SKU-0036,4,13.87,0.00,55.48
OI-0000152,OR-000052,SKU-0037,4,35.00,0.05,133.00
OI-0000153,OR-000052,SKU-0038,6,21.08,0.05,120.16
OI-0000165,OR-000057,SKU-0050,2,46.08,0.15,78.34
OI-0000169,OR-000059,SKU-0016,4,46.17,0.00,184.68
OI-0000170,OR-000059,SKU-0034,2,24.16,0.10,43.49
OI-0000171,OR-000059,SKU-0020,2,31.62,0.00,63.24
OI-0000172,OR-000059,SKU-0005,2,42.53,0.15,72.30
OI-0000173,OR-000059,SKU-0051,5,14.92,0.00,74.60
OI-0000179,OR-000062,SKU-0011,4,30.63,0.00,122.52
OI-0000180,OR-000062,SKU-0026,2,21.39,0.15,36.36
OI-0000181,OR-000062,SKU-0046,4,40.95,0.00,163.80
OI-0000182,OR-000062,SKU-0059,4,29.19,0.15,99.25
OI-0000188,OR-000064,SKU-0010,6,37.20,0.00,223.20
OI-0000189,OR-000064,SKU-0017,4,9.51,0.15,32.33
OI-0000190,OR-000064,SKU-0055,1,7.92,0.10,7.13
OI-0000191,OR-000065,SKU-0004,6,35.25,0.05,200.92
OI-0000192,OR-000065,SKU-0012,1,40.02,0.00,40.02
OI-0000193,OR-000065,SKU-0037,6,35.00,0.15,178.50
OI-0000196,OR-000068,SKU-0041,5,19.76,0.10,88.92
OI-0000197,OR-000068,SKU-0005,1,42.53,0.00,42.53
OI-0000201,OR-000070,SKU-0046,2,40.95,0.15,69.62
OI-0000202,OR-000071,SKU-0051,5,14.92,0.15,63.41
OI-0000203,OR-000071,SKU-0006,1,20.40,0.00,20.40
OI-0000204,OR-000071,SKU-0029,5,4.31,0.00,21.55
OI-0000205,OR-000071,SKU-0048,6,24.84,0.15,126.68
OI-0000206,OR-000072,SKU-0005,4,42.53,0.10,153.11
OI-0000207,OR-000073,SKU-0011,1,30.63,0.00,30.63
OI-0000208,OR-000073,SKU-0008,1,1.97,0.00,1.97
OI-0000209,OR-000074,SKU-0006,1,20.40,0.00,20.40
OI-0000210,OR-000074,SKU-0005,4,42.53,0.00,170.12
OI-0000211,OR-000074,SKU-0044,5,26.37,0.05,128.43
OI-0000212,OR-000075,SKU-0023,5,8.40,0.15,35.70
OI-0000213,OR-000075,SKU-0009,4,33.65,0.00,134.60
OI-0000214,OR-000075,SKU-0011,6,30.63,0.00,183.78
OI-0000215,OR-000075,SKU-0055,5,7.92,0.05,37.62
OI-0000216,OR-000075,SKU-0030,3,47.21,0.00,141.63
OI-0000217,OR-000076,SKU-0009,1,33.65,0.00,33.65
OI-0000218,OR-000076,SKU-0037,3,35.00,0.05,99.75
OI-0000219,OR-000076,SKU-0008,5,1.97,0.00,9.85
OI-0000220,OR-000077,SKU-0011,2,30.63,0.15,52.07
OI-0000221,OR-000077,SKU-0033,1,37.17,0.05,35.31
OI-0000231,OR-000080,SKU-0017,3,9.51,0.00,28.53
OI-0000236,OR-000082,SKU-0022,3,26.86,0.00,80.58
OI-0000237,OR-000082,SKU-0049,6,15.18,0.00,91.08
OI-0000238,OR-000082,SKU-0042,2,36.89,0.10,66.40
OI-0000239,OR-000083,SKU-0046,2,40.95,0.10,73.71
OI-0000240,OR-000083,SKU-0021,3,3.76,0.00,11.28
OI-0000241,OR-000083,SKU-0001,1,14.26,0.05,13.55
OI-0000242,OR-000083,SKU-0009,4,33.65,0.05,127.87
OI-0000243,OR-000083,SKU-0017,1,9.51,0.00,9.51
OI-0000248,OR-000085,SKU-0050,6,46.08,0.05,262.66
OI-0000249,OR-000085,SKU-0033,3,37.17,0.00,111.51
OI-0000250,OR-000085,SKU-0040,3,45.53,0.00,136.59
OI-0000251,OR-000086,SKU-0027,2,10.49,0.00,20.98
OI-0000252,OR-000086,SKU-0019,5,40.98,0.00,204.90
OI-0000253,OR-000087,SKU-0042,2,36.89,0.15,62.71
OI-0000257,OR-000089,SKU-0021,1,3.76,0.05,3.57
OI-0000258,OR-000089,SKU-0052,5,8.94,0.00,44.70
OI-0000259,OR-000089,SKU-0032,6,46.35,0.05,264.19
OI-0000260,OR-000089,SKU-0006,1,20.40,0.00,20.40
OI-0000266,OR-000092,SKU-0052,5,8.94,0.05,42.46
OI-0000272,OR-000094,SKU-0058,3,45.65,0.00,136.95
OI-0000273,OR-000094,SKU-0030,3,47.21,0.05,134.55
OI-0000274,OR-000094,SKU-0060,2,23.25,0.15,39.52
OI-0000275,OR-000094,SKU-0047,5,42.92,0.00,214.60
OI-0000278,OR-000096,SKU-0024,6,21.04,0.00,126.24
OI-0000279,OR-000096,SKU-0001,5,14.26,0.15,60.60
OI-0000280,OR-000096,SKU-0019,5,40.98,0.00,204.90
OI-0000281,OR-000096,SKU-0014,4,43.57,0.00,174.28
OI-0000282,OR-000096,SKU-0034,6,24.16,0.00,144.96
OI-0000291,OR-000101,SKU-0011,3,30.63,0.05,87.30
OI-0000292,OR-000101,SKU-0028,2,34.65,0.00,69.30
OI-0000293,OR-000101,SKU-0020,4,31.62,0.00,126.48
OI-0000294,OR-000102,SKU-0054,5,31.89,0.05,151.48
OI-0000295,OR-000102,SKU-0050,3,46.08,0.00,138.24
OI-0000296,OR-000102,SKU-0007,5,39.44,0.00,197.20
OI-0000297,OR-000102,SKU-0048,4,24.84,0.05,94.39
OI-0000308,OR-000105,SKU-0023,6,8.40,0.05,47.88
OI-0000309,OR-000105,SKU-0045,1,16.47,0.10,14.82
OI-0000311,OR-000107,SKU-0001,3,14.26,0.00,42.78
OI-0000312,OR-000107,SKU-0003,2,8.35,0.00,16.70
OI-0000313,OR-000107,SKU-0020,3,31.62,0.15,80.63
OI-0000314,OR-000107,SKU-0026,5,21.39,0.00,106.95
OI-0000315,OR-000107,SKU-0010,4,37.20,0.10,133.92
OI-0000318,OR-000109,SKU-0004,2,35.25,0.15,59.92
OI-0000319,OR-000110,SKU-0055,2,7.92,0.15,13.46
OI-0000320,OR-000110,SKU-0004,2,35.25,0.00,70.50
OI-0000321,OR-000110,SKU-0001,4,14.26,0.00,57.04
OI-0000322,OR-000110,SKU-0053,5,10.85,0.00,54.25
OI-0000323,OR-000111,SKU-0022,6,26.86,0.05,153.10
OI-0000324,OR-000111,SKU-0025,4,33.88,0.05,128.74
OI-0000325,OR-000112,SKU-0042,3,36.89,0.05,105.14
OI-0000326,OR-000112,SKU-0036,5,13.87,0.05,65.88
OI-0000327,OR-000113,SKU-0036,4,13.87,0.10,49.93
OI-0000328,OR-000113,SKU-0026,1,21.39,0.05,20.32
OI-0000329,OR-000113,SKU-0029,2,4.31,0.00,8.62
OI-0000330,OR-000113,SKU-0047,6,42.92,0.00,257.52
OI-0000331,OR-000113,SKU-0010,6,37.20,0.10,200.88
OI-0000335,OR-000115,SKU-0048,4,24.84,0.15,84.46
OI-0000336,OR-000116,SKU-0030,4,47.21,0.05,179.40
OI-0000337,OR-000117,SKU-0051,6,14.92,0.00,89.52
OI-0000338,OR-000117,SKU-0052,1,8.94,0.00,8.94
OI-0000339,OR-000117,SKU-0040,1,45.53,0.00,45.53
OI-0000340,OR-000117,SKU-0054,6,31.89,0.15,162.64
OI-0000342,OR-000119,SKU-0051,3,14.92,0.15,38.05
OI-0000343,OR-000119,SKU-0024,2,21.04,0.05,39.98
OI-0000344,OR-000119,SKU-0055,4,7.92,0.00,31.68
OI-0000345,OR-000119,SKU-0042,6,36.89,0.10,199.21
OI-0000346,OR-000120,SKU-0021,5,3.76,0.00,18.80
OI-0000347,OR-000120,SKU-0044,2,26.37,0.10,47.47
OI-0000348,OR-000120,SKU-0007,3,39.44,0.15,100.57
OI-0000349,OR-000121,SKU-0025,3,33.88,0.00,101.64
OI-0000350,OR-000121,SKU-0018,4,3.17,0.00,12.68
OI-0000351,OR-000122,SKU-0038,5,21.08,0.05,100.13
OI-0000352,OR-000123,SKU-0050,2,46.08,0.00,92.16
OI-0000353,OR-000123,SKU-0055,1,7.92,0.10,7.13
OI-0000354,OR-000123,SKU-0042,2,36.89,0.00,73.78
OI-0000355,OR-000124,SKU-0046,6,40.95,0.00,245.70
OI-0000356,OR-000124,SKU-0016,6,46.17,0.00,277.02
OI-0000357,OR-000125,SKU-0028,6,34.65,0.05,197.50
OI-0000358,OR-000125,SKU-0042,3,36.89,0.05,105.14
OI-0000359,OR-000126,SKU-0047,4,42.92,0.05,163.10
OI-0000360,OR-000126,SKU-0047,3,42.92,0.00,128.76
OI-0000361,OR-000126,SKU-0016,1,46.17,0.00,46.17
OI-0000362,OR-000126,SKU-0018,6,3.17,0.00,19.02
OI-0000364,OR-000128,SKU-0016,1,46.17,0.00,46.17
OI-0000365,OR-000128,SKU-0020,6,31.62,0.15,161.26
OI-0000366,OR-000128,SKU-0051,3,14.92,0.00,44.76
OI-0000367,OR-000129,SKU-0017,6,9.51,0.10,51.35
OI-0000368,OR-000129,SKU-0057,2,11.57,0.15,19.67
OI-0000369,OR-000129,SKU-0052,4,8.94,0.15,30.40
OI-0000370,OR-000129,SKU-0042,3,36.89,0.10,99.60
OI-0000375,OR-000132,SKU-0035,4,22.53,0.00,90.12
OI-0000376,OR-000132,SKU-0024,5,21.04,0.00,105.20
OI-0000377,OR-000132,SKU-0012,3,40.02,0.00,120.06
OI-0000378,OR-000133,SKU-0048,1,24.84,0.00,24.84
OI-0000379,OR-000133,SKU-0046,4,40.95,0.15,139.23
OI-0000385,OR-000135,SKU-0029,3,4.31,0.00,12.93
OI-0000386,OR-000135,SKU-0004,3,35.25,0.00,105.75
OI-0000387,OR-000135,SKU-0028,3,34.65,0.00,103.95
OI-0000388,OR-000135,SKU-0057,6,11.57,0.00,69.42
OI-0000389,OR-000136,SKU-0044,2,26.37,0.10,47.47
OI-0000390,OR-000136,SKU-0007,2,39.44,0.05,74.94
OI-0000392,OR-000138,SKU-0059,5,29.19,0.15,124.06
OI-0000393,OR-000138,SKU-0058,4,45.65,0.00,182.60
OI-0000399,OR-000140,SKU-0054,1,31.89,0.00,31.89
OI-0000400,OR-000140,SKU-0055,3,7.92,0.10,21.38
OI-0000401,OR-000140,SKU-0023,4,8.40,0.05,31.92
OI-0000402,OR-000140,SKU-0050,3,46.08,0.15,117.50
OI-0000403,OR-000140,SKU-0039,3,46.71,0.05,133.12
OI-0000404,OR-000141,SKU-0043,2,47.93,0.00,95.86
OI-0000405,OR-000141,SKU-0056,5,33.56,0.10,151.02
OI-0000406,OR-000141,SKU-0031,2,13.79,0.15,23.44
OI-0000407,OR-000141,SKU-0006,4,20.40,0.15,69.36
OI-0000408,OR-000141,SKU-0012,2,40.02,0.00,80.04
OI-0000413,OR-000143,SKU-0035,5,22.53,0.00,112.65
OI-0000424,OR-000147,SKU-0025,5,33.88,0.05,160.93
OI-0000425,OR-000147,SKU-0010,4,37.20,0.10,133.92
OI-0000426,OR-000147,SKU-0036,3,13.87,0.00,41.61
OI-0000427,OR-000147,SKU-0026,4,21.39,0.00,85.56
OI-0000431,OR-000149,SKU-0010,2,37.20,0.15,63.24
OI-0000432,OR-000149,SKU-0013,4,12.69,0.00,50.76
OI-0000433,OR-000149,SKU-0053,3,10.85,0.00,32.55
OI-0000434,OR-000150,SKU-0008,5,1.97,0.00,9.85
OI-0000435,OR-000150,SKU-0032,1,46.35,0.05,44.03
OI-0000439,OR-000152,SKU-0002,4,15.08,0.05,57.30
OI-0000440,OR-000152,SKU-0048,6,24.84,0.00,149.04
OI-0000441,OR-000152,SKU-0007,3,39.44,0.15,100.57
OI-0000442,OR-000152,SKU-0008,4,1.97,0.15,6.70
OI-0000444,OR-000154,SKU-0055,1,7.92,0.10,7.13
OI-0000445,OR-000154,SKU-0002,2,15.08,0.15,25.64
OI-0000446,OR-000154,SKU-0013,1,12.69,0.10,11.42
OI-0000447,OR-000154,SKU-0011,6,30.63,0.00,183.78
OI-0000448,OR-000154,SKU-0054,5,31.89,0.05,151.48
OI-0000455,OR-000157,SKU-0055,3,7.92,0.15,20.20
OI-0000456,OR-000157,SKU-0031,2,13.79,0.00,27.58
OI-0000457,OR-000157,SKU-0053,2,10.85,0.05,20.61
OI-0000458,OR-000157,SKU-0019,2,40.98,0.00,81.96
OI-0000463,OR-000160,SKU-0019,4,40.98,0.00,163.92
OI-0000464,OR-000160,SKU-0021,2,3.76,0.00,7.52
OI-0000465,OR-000160,SKU-0033,6,37.17,0.00,223.02
OI-0000466,OR-000160,SKU-0031,2,13.79,0.05,26.20
OI-0000467,OR-000161,SKU-0007,6,39.44,0.00,236.64
OI-0000468,OR-000161,SKU-0039,5,46.71,0.05,221.87
OI-0000474,OR-000164,SKU-0004,1,35.25,0.00,35.25
OI-0000475,OR-000164,SKU-0050,3,46.08,0.15,117.50
OI-0000476,OR-000164,SKU-0008,5,1.97,0.00,9.85
OI-0000477,OR-000165,SKU-0027,5,10.49,0.05,49.83
OI-0000478,OR-000166,SKU-0043,2,47.93,0.05,91.07
OI-0000479,OR-000166,SKU-0007,5,39.44,0.00,197.20
OI-0000480,OR-000166,SKU-0025,1,33.88,0.00,33.88
OI-0000482,OR-000168,SKU-0002,2,15.08,0.10,27.14
OI-0000483,OR-000168,SKU-0013,6,12.69,0.05,72.33
OI-0000510,OR-000180,SKU-0045,5,16.47,0.15,70.00
OI-0000511,OR-000180,SKU-0055,2,7.92,0.10,14.26
OI-0000512,OR-000180,SKU-0053,1,10.85,0.15,9.22
OI-0000513,OR-000180,SKU-0029,6,4.31,0.15,21.98
OI-0000514,OR-000180,SKU-0027,6,10.49,0.00,62.94
OI-0000515,OR-000181,SKU-0015,6,11.18,0.00,67.08
OI-0000516,OR-000181,SKU-0049,6,15.18,0.05,86.53
OI-0000517,OR-000182,SKU-0008,5,1.97,0.00,9.85
OI-0000527,OR-000187,SKU-0052,5,8.94,0.00,44.70
OI-0000528,OR-000187,SKU-0001,3,14.26,0.00,42.78
OI-0000529,OR-000187,SKU-0054,4,31.89,0.00,127.56
OI-0000530,OR-000188,SKU-0011,1,30.63,0.10,27.57
OI-0000531,OR-000188,SKU-0023,4,8.40,0.00,33.60
OI-0000532,OR-000188,SKU-0019,6,40.98,0.00,245.88
OI-0000538,OR-000190,SKU-0017,2,9.51,0.15,16.17
OI-0000548,OR-000194,SKU-0002,3,15.08,0.15,38.45
OI-0000549,OR-000194,SKU-0052,5,8.94,0.15,37.99
OI-0000550,OR-000194,SKU-0058,6,45.65,0.10,246.51
OI-0000554,OR-000196,SKU-0003,5,8.35,0.00,41.75
OI-0000571,OR-000201,SKU-0017,6,9.51,0.00,57.06
OI-0000572,OR-000201,SKU-0027,2,10.49,0.00,20.98
OI-0000573,OR-000201,SKU-0034,6,24.16,0.00,144.96
OI-0000574,OR-000202,SKU-0006,3,20.40,0.10,55.08
OI-0000575,OR-000202,SKU-0049,6,15.18,0.00,91.08
OI-0000576,OR-000202,SKU-0043,2,47.93,0.00,95.86
OI-0000577,OR-000202,SKU-0043,4,47.93,0.00,191.72
OI-0000578,OR-000203,SKU-0050,3,46.08,0.00,138.24
OI-0000579,OR-000203,SKU-0031,1,13.79,0.05,13.10
OI-0000580,OR-000203,SKU-0025,2,33.88,0.10,60.98
OI-0000581,OR-000203,SKU-0013,5,12.69,0.10,57.10
OI-0000582,OR-000203,SKU-0034,6,24.16,0.15,123.22
OI-0000584,OR-000205,SKU-0042,4,36.89,0.10,132.80
OI-0000585,OR-000206,SKU-0031,4,13.79,0.15,46.89
OI-0000586,OR-000207,SKU-0019,2,40.98,0.10,73.76
OI-0000587,OR-000207,SKU-0057,6,11.57,0.05,65.95
OI-0000588,OR-000207,SKU-0059,3,29.19,0.15,74.43
OI-0000604,OR-000212,SKU-0044,4,26.37,0.00,105.48
OI-0000620,OR-000218,SKU-0057,2,11.57,0.00,23.14
OI-0000621,OR-000218,SKU-0051,3,14.92,0.10,40.28
OI-0000622,OR-000218,SKU-0040,5,45.53,0.15,193.50
OI-0000623,OR-000218,SKU-0037,2,35.00,0.10,63.00
OI-0000624,OR-000219,SKU-0030,4,47.21,0.00,188.84
OI-0000625,OR-000219,SKU-0055,3,7.92,0.00,23.76
OI-0000626,OR-000219,SKU-0030,1,47.21,0.00,47.21
OI-0000629,OR-000221,SKU-0025,6,33.88,0.00,203.28
OI-0000630,OR-000221,SKU-0033,5,37.17,0.00,185.85
OI-0000631,OR-000221,SKU-0031,1,13.79,0.10,12.41
OI-0000632,OR-000221,SKU-0010,6,37.20,0.00,223.20
OI-0000633,OR-000221,SKU-0025,3,33.88,0.00,101.64
OI-0000639,OR-000224,SKU-0040,2,45.53,0.10,81.95
OI-0000640,OR-000224,SKU-0039,2,46.71,0.00,93.42
OI-0000641,OR-000224,SKU-0002,4,15.08,0.00,60.32
OI-0000642,OR-000224,SKU-0046,2,40.95,0.00,81.90
OI-0000643,OR-000224,SKU-0057,5,11.57,0.00,57.85
OI-0000644,OR-000225,SKU-0055,6,7.92,0.00,47.52
OI-0000645,OR-000225,SKU-0037,4,35.00,0.00,140.00
OI-0000646,OR-000225,SKU-0009,1,33.65,0.00,33.65
OI-0000647,OR-000225,SKU-0010,1,37.20,0.00,37.20
OI-0000648,OR-000226,SKU-0032,5,46.35,0.15,196.99
OI-0000649,OR-000226,SKU-0006,6,20.40,0.00,122.40
OI-0000650,OR-000226,SKU-0035,1,22.53,0.00,22.53
OI-0000651,OR-000226,SKU-0055,5,7.92,0.00,39.60
OI-0000652,OR-000226,SKU-0024,5,21.04,0.05,99.94
OI-0000659,OR-000229,SKU-0009,5,33.65,0.00,168.25
OI-0000660,OR-000229,SKU-0041,1,19.76,0.15,16.80
OI-0000661,OR-000229,SKU-0047,2,42.92,0.05,81.55
OI-0000662,OR-000229,SKU-0043,1,47.93,0.00,47.93
OI-0000663,OR-000229,SKU-0039,1,46.71,0.10,42.04
OI-0000664,OR-000230,SKU-0002,3,15.08,0.15,38.45
OI-0000665,OR-000230,SKU-0047,2,42.92,0.10,77.26
OI-0000666,OR-000230,SKU-0060,3,23.25,0.10,62.77
OI-0000669,OR-000232,SKU-0054,6,31.89,0.00,191.34
OI-0000670,OR-000232,SKU-0009,5,33.65,0.15,143.01
OI-0000671,OR-000232,SKU-0020,3,31.62,0.05,90.12
OI-0000672,OR-000232,SKU-0015,6,11.18,0.05,63.73
OI-0000679,OR-000236,SKU-0002,2,15.08,0.00,30.16
OI-0000680,OR-000236,SKU-0056,4,33.56,0.00,134.24
OI-0000681,OR-000236,SKU-0002,6,15.08,0.00,90.48
OI-0000689,OR-000240,SKU-0007,6,39.44,0.00,236.64
OI-0000694,OR-000242,SKU-0007,6,39.44,0.00,236.64
OI-0000695,OR-000242,SKU-0018,6,3.17,0.00,19.02
OI-0000696,OR-000242,SKU-0042,2,36.89,0.00,73.78
OI-0000697,OR-000242,SKU-0046,1,40.95,0.00,40.95
OI-0000698,OR-000242,SKU-0041,3,19.76,0.00,59.28
OI-0000705,OR-000246,SKU-0053,6,10.85,0.00,65.10
OI-0000706,OR-000246,SKU-0040,5,45.53,0.15,193.50
OI-0000707,OR-000246,SKU-0033,3,37.17,0.00,111.51
OI-0000708,OR-000246,SKU-0025,3,33.88,0.00,101.64
OI-0000709,OR-000246,SKU-0045,5,16.47,0.10,74.11
OI-0000710,OR-000247,SKU-0037,6,35.00,0.00,210.00
OI-0000711,OR-000247,SKU-0019,5,40.98,0.00,204.90
OI-0000712,OR-000247,SKU-0034,5,24.16,0.00,120.80
OI-0000713,OR-000247,SKU-0022,1,26.86,0.15,22.83
OI-0000714,OR-000248,SKU-0021,3,3.76,0.00,11.28
OI-0000727,OR-000254,SKU-0014,1,43.57,0.00,43.57
OI-0000728,OR-000254,SKU-0027,5,10.49,0.00,52.45
OI-0000734,OR-000256,SKU-0058,5,45.65,0.00,228.25
OI-0000735,OR-000256,SKU-0036,5,13.87,0.00,69.35
OI-0000736,OR-000257,SKU-0054,6,31.89,0.00,191.34
OI-0000749,OR-000262,SKU-0049,1,15.18,0.00,15.18
OI-0000750,OR-000262,SKU-0026,5,21.39,0.00,106.95
OI-0000751,OR-000262,SKU-0012,2,40.02,0.00,80.04
OI-0000754,OR-000264,SKU-0055,1,7.92,0.10,7.13
OI-0000755,OR-000264,SKU-0003,3,8.35,0.05,23.80
OI-0000756,OR-000265,SKU-0007,4,39.44,0.00,157.76
OI-0000757,OR-000266,SKU-0013,1,12.69,0.00,12.69
OI-0000758,OR-000266,SKU-0025,2,33.88,0.10,60.98
OI-0000759,OR-000266,SKU-0057,6,11.57,0.05,65.95
OI-0000764,OR-000268,SKU-0043,2,47.93,0.00,95.86
OI-0000765,OR-000268,SKU-0002,3,15.08,0.10,40.72
OI-0000766,OR-000268,SKU-0009,4,33.65,0.15,114.41
OI-0000767,OR-000268,SKU-0017,6,9.51,0.05,54.21
OI-0000768,OR-000269,SKU-0022,5,26.86,0.15,114.16
OI-0000769,OR-000269,SKU-0057,3,11.57,0.00,34.71
OI-0000770,OR-000269,SKU-0008,1,1.97,0.05,1.87
OI-0000771,OR-000269,SKU-0024,3,21.04,0.15,53.65
OI-0000778,OR-990001,SKU-0051,5,14.92,0.15,63.41
OI-0000781,OR-000274,SKU-0035,4,22.53,0.00,90.12
OI-0000791,OR-000277,SKU-0058,1,45.65,0.00,45.65
OI-0000800,OR-000282,SKU-0033,3,37.17,0.05,105.93
OI-0000801,OR-000282,SKU-0028,5,34.65,0.00,173.25
OI-0000802,OR-000282,SKU-0046,1,40.95,0.00,40.95
OI-0000803,OR-000283,SKU-0023,4,8.40,0.00,33.60
OI-0000804,OR-000283,SKU-0060,3,23.25,0.00,69.75
OI-0000805,OR-000284,SKU-0038,4,21.08,0.00,84.32
OI-0000806,OR-000284,SKU-0044,1,26.37,0.15,22.41
OI-0000807,OR-000284,SKU-0019,1,40.98,0.00,40.98
OI-0000808,OR-000285,SKU-0054,2,31.89,0.05,60.59
OI-0000809,OR-000285,SKU-0006,3,20.40,0.15,52.02
OI-0000810,OR-000285,SKU-0042,5,36.89,0.00,184.45
OI-0000811,OR-000285,SKU-0027,2,10.49,0.10,18.88
OI-0000812,OR-000285,SKU-0026,2,21.39,0.05,40.64
OI-0000816,OR-000287,SKU-0017,2,9.51,0.00,19.02
OI-0000817,OR-000287,SKU-0022,3,26.86,0.10,72.52
OI-0000823,OR-000289,SKU-0016,1,46.17,0.00,46.17
OI-0000824,OR-000290,SKU-0036,3,13.87,0.05,39.53
OI-0000825,OR-000290,SKU-0059,1,29.19,0.00,29.19
OI-0000826,OR-000290,SKU-0051,5,14.92,0.10,67.14
OI-0000828,OR-000292,SKU-0034,4,24.16,0.00,96.64
OI-0000829,OR-000292,SKU-0006,3,20.40,0.00,61.20
OI-0000830,OR-000292,SKU-0023,5,8.40,0.10,37.80
OI-0000831,OR-000292,SKU-0059,1,29.19,0.15,24.81
OI-0000832,OR-000292,SKU-0022,6,26.86,0.00,161.16
OI-0000833,OR-000293,SKU-0048,6,24.84,0.00,149.04
OI-0000834,OR-000293,SKU-0021,3,3.76,0.00,11.28
OI-0000835,OR-000293,SKU-0021,4,3.76,0.10,13.54
OI-0000836,OR-000294,SKU-0042,2,36.89,0.15,62.71
OI-0000837,OR-000294,SKU-0022,6,26.86,0.15,136.99
OI-0000838,OR-000294,SKU-0026,2,21.39,0.00,42.78
OI-0000839,OR-000295,SKU-0001,3,14.26,0.15,36.36
OI-0000840,OR-000295,SKU-0036,3,13.87,0.05,39.53
OI-0000841,OR-000295,SKU-0025,6,33.88,0.00,203.28
OI-0000842,OR-000295,SKU-0040,2,45.53,0.00,91.06
OI-0000843,OR-000296,SKU-0018,3,3.17,0.00,9.51
OI-0000844,OR-000296,SKU-0005,3,42.53,0.00,127.59
OI-0000845,OR-000296,SKU-0004,6,35.25,0.00,211.50
OI-0000867,OR-000303,SKU-0026,6,21.39,0.15,109.09
OI-0000868,OR-000304,SKU-0029,1,4.31,0.10,3.88
OI-0000869,OR-000304,SKU-0023,3,8.40,0.15,21.42
OI-0000870,OR-000304,SKU-0054,4,31.89,0.10,114.80
OI-0000871,OR-000305,SKU-0044,2,26.37,0.15,44.83
OI-0000872,OR-000305,SKU-0053,6,10.85,0.00,65.10
OI-0000873,OR-000305,SKU-0059,3,29.19,0.05,83.19
OI-0000874,OR-000305,SKU-0041,3,19.76,0.00,59.28
OI-0000875,OR-000306,SKU-0049,6,15.18,0.00,91.08
OI-0000876,OR-000306,SKU-0008,6,1.97,0.05,11.23
OI-0000877,OR-000306,SKU-0020,3,31.62,0.15,80.63
OI-0000878,OR-000306,SKU-0037,4,35.00,0.00,140.00
OI-0000879,OR-000306,SKU-0046,1,40.95,0.00,40.95
OI-0000880,OR-000307,SKU-0022,1,26.86,0.10,24.17
OI-0000881,OR-000307,SKU-0044,6,26.37,0.10,142.40
OI-0000882,OR-000307,SKU-0027,5,10.49,0.00,52.45
OI-0000883,OR-000307,SKU-0010,1,37.20,0.05,35.34
OI-0000884,OR-000307,SKU-0013,6,12.69,0.10,68.53
OI-0000885,OR-000308,SKU-0028,2,34.65,0.00,69.30
OI-0000886,OR-000308,SKU-0018,2,3.17,0.05,6.02
OI-0000887,OR-000308,SKU-0050,1,46.08,0.15,39.17
OI-0000888,OR-000309,SKU-0020,2,31.62,0.00,63.24
OI-0000889,OR-000309,SKU-0048,4,24.84,0.15,84.46
OI-0000890,OR-000310,SKU-0009,6,33.65,0.15,171.61
OI-0000891,OR-000310,SKU-0033,3,37.17,0.10,100.36
OI-0000892,OR-000310,SKU-0054,2,31.89,0.00,63.78
OI-0000893,OR-000310,SKU-0026,1,21.39,0.15,18.18
OI-0000894,OR-000310,SKU-0010,5,37.20,0.15,158.10
OI-0000895,OR-000311,SKU-0001,2,14.26,0.00,28.52
OI-0000896,OR-000311,SKU-0047,3,42.92,0.00,128.76
OI-0000897,OR-000311,SKU-0004,1,35.25,0.15,29.96
OI-0000898,OR-000311,SKU-0017,4,9.51,0.15,32.33
OI-0000899,OR-000311,SKU-0031,2,13.79,0.10,24.82
OI-0000908,OR-000314,SKU-0014,4,43.57,0.15,148.14
OI-0000909,OR-000314,SKU-0060,4,23.25,0.00,93.00
OI-0000910,OR-000314,SKU-0018,4,3.17,0.00,12.68
OI-0000911,OR-000314,SKU-0012,1,40.02,0.00,40.02
OI-0000912,OR-000314,SKU-0058,3,45.65,0.15,116.41
OI-0000913,OR-000315,SKU-0053,3,10.85,0.00,32.55
OI-0000914,OR-000315,SKU-0008,2,1.97,0.05,3.74
OI-0000915,OR-000315,SKU-0055,6,7.92,0.05,45.14
OI-0000916,OR-000316,SKU-0027,6,10.49,0.00,62.94
OI-0000917,OR-000316,SKU-0050,2,46.08,0.00,92.16
OI-0000918,OR-000317,SKU-0028,1,34.65,0.00,34.65
OI-0000919,OR-000317,SKU-0050,4,46.08,0.00,184.32
OI-0000920,OR-000317,SKU-0060,5,23.25,0.00,116.25
OI-0000921,OR-000317,SKU-0050,6,46.08,0.00,276.48
OI-0000922,OR-000317,SKU-0044,5,26.37,0.00,131.85
OI-0000927,OR-000319,SKU-0007,3,39.44,0.10,106.49
OI-0000928,OR-000319,SKU-0052,4,8.94,0.00,35.76
OI-0000929,OR-000320,SKU-0012,5,40.02,0.15,170.09
OI-0000930,OR-000320,SKU-0020,1,31.62,0.15,26.88
OI-0000931,OR-000320,SKU-0044,3,26.37,0.05,75.15
OI-0000932,OR-000321,SKU-0040,4,45.53,0.10,163.91
OI-0000933,OR-000321,SKU-0044,3,26.37,0.00,79.11
OI-0000934,OR-000321,SKU-0015,1,11.18,0.10,10.06
OI-0000935,OR-000321,SKU-0030,3,47.21,0.10,127.47
OI-0000936,OR-000322,SKU-0031,6,13.79,0.00,82.74
OI-0000937,OR-000322,SKU-0049,4,15.18,0.05,57.68
OI-0000941,OR-000324,SKU-0055,5,7.92,0.10,35.64
OI-0000942,OR-000324,SKU-0003,4,8.35,0.05,31.73
OI-0000943,OR-000324,SKU-0013,4,12.69,0.00,50.76
OI-0000947,OR-000326,SKU-0025,1,33.88,0.15,28.80
OI-0000948,OR-000326,SKU-0005,2,42.53,0.10,76.55
OI-0000949,OR-000326,SKU-0007,6,39.44,0.15,201.14
OI-0000950,OR-000326,SKU-0020,2,31.62,0.10,56.92
OI-0000951,OR-000326,SKU-0055,5,7.92,0.00,39.60
OI-0000958,OR-000329,SKU-0007,2,39.44,0.15,67.05
OI-0000959,OR-000329,SKU-0046,3,40.95,0.15,104.42
OI-0000960,OR-000329,SKU-0001,4,14.26,0.00,57.04
OI-0000961,OR-000330,SKU-0036,6,13.87,0.00,83.22
OI-0000962,OR-000330,SKU-0040,5,45.53,0.00,227.65
OI-0000963,OR-000330,SKU-0032,3,46.35,0.00,139.05
OI-0000964,OR-000330,SKU-0043,6,47.93,0.00,287.58
OI-0000965,OR-000330,SKU-0023,5,8.40,0.00,42.00
OI-0000981,OR-000336,SKU-0032,5,46.35,0.05,220.16
OI-0000982,OR-000336,SKU-0026,2,21.39,0.00,42.78
OI-0000983,OR-000336,SKU-0053,1,10.85,0.10,9.77
OI-0000992,OR-000340,SKU-0021,3,3.76,0.00,11.28
OI-0000993,OR-000340,SKU-0004,2,35.25,0.15,59.92
OI-0000994,OR-000340,SKU-0044,1,26.37,0.05,25.05
OI-0000995,OR-000340,SKU-0001,2,14.26,0.00,28.52
OI-0000996,OR-000340,SKU-0020,2,31.62,0.00,63.24
OI-0000997,OR-000341,SKU-0041,3,19.76,0.05,56.32
OI-0000998,OR-000341,SKU-0018,5,3.17,0.10,14.27
OI-0000999,OR-000341,SKU-0024,5,21.04,0.00,105.20
OI-0001000,OR-000341,SKU-0050,3,46.08,0.00,138.24
OI-0001010,OR-000346,SKU-0038,4,21.08,0.05,80.10
OI-0001011,OR-000346,SKU-0033,2,37.17,0.00,74.34
OI-0001012,OR-000346,SKU-0034,1,24.16,0.10,21.74
OI-0001013,OR-000346,SKU-0010,1,37.20,0.00,37.20
OI-0001018,OR-000349,SKU-0009,3,33.65,0.00,100.95
OI-0001019,OR-000349,SKU-0011,3,30.63,0.05,87.30
OI-0001026,OR-000352,SKU-0009,3,33.65,0.10,90.85
OI-0001027,OR-000353,SKU-0044,6,26.37,0.00,158.22
OI-0001028,OR-000353,SKU-0055,2,7.92,0.00,15.84
OI-0001029,OR-000353,SKU-0047,6,42.92,0.10,231.77
OI-0001030,OR-000353,SKU-0003,1,8.35,0.05,7.93
OI-0001031,OR-000353,SKU-0009,2,33.65,0.15,57.20
OI-0001034,OR-000355,SKU-0005,5,42.53,0.00,212.65
OI-0001035,OR-000355,SKU-0040,6,45.53,0.00,273.18
OI-0001036,OR-000355,SKU-0059,5,29.19,0.10,131.36
OI-0001041,OR-000357,SKU-0026,4,21.39,0.00,85.56
OI-0001042,OR-000357,SKU-0009,6,33.65,0.00,201.90
OI-0001043,OR-000357,SKU-0038,1,21.08,0.05,20.03
OI-0001044,OR-000357,SKU-0057,1,11.57,0.00,11.57
OI-0001045,OR-000357,SKU-0012,2,40.02,0.10,72.04
OI-0001046,OR-000358,SKU-0008,2,1.97,0.05,3.74
OI-0001047,OR-000359,SKU-0027,3,10.49,0.15,26.75
OI-0001048,OR-000360,SKU-0043,5,47.93,0.00,239.65
OI-0001049,OR-000360,SKU-0028,2,34.65,0.10,62.37
OI-0001050,OR-000360,SKU-0012,3,40.02,0.00,120.06
OI-0001060,OR-000365,SKU-0005,4,42.53,0.15,144.60
OI-0001061,OR-000365,SKU-0035,4,22.53,0.00,90.12
OI-0001062,OR-000365,SKU-0052,1,8.94,0.05,8.49
OI-0001068,OR-000367,SKU-0037,3,35.00,0.10,94.50
OI-0001069,OR-000367,SKU-0025,1,33.88,0.00,33.88
OI-0001070,OR-000367,SKU-0009,6,33.65,0.05,191.80
OI-0001076,OR-000369,SKU-0026,3,21.39,0.15,54.54
OI-0001077,OR-000369,SKU-0053,6,10.85,0.15,55.33
OI-0001082,OR-000371,SKU-0011,2,30.63,0.00,61.26
OI-0001083,OR-000371,SKU-0032,4,46.35,0.15,157.59
OI-0001092,OR-000375,SKU-0020,5,31.62,0.10,142.29
OI-0001093,OR-000375,SKU-0020,1,31.62,0.00,31.62
OI-0001095,OR-000377,SKU-0018,1,3.17,0.05,3.01
OI-0001096,OR-000377,SKU-0043,5,47.93,0.05,227.67
OI-0001098,OR-000379,SKU-0058,2,45.65,0.15,77.60
OI-0001099,OR-000379,SKU-0009,2,33.65,0.00,67.30
OI-0001100,OR-000379,SKU-0040,5,45.53,0.00,227.65
OI-0001101,OR-000379,SKU-0017,1,9.51,0.10,8.56
OI-0001108,OR-000382,SKU-0026,4,21.39,0.10,77.00
OI-0001109,OR-000383,SKU-0045,5,16.47,0.15,70.00
OI-0001110,OR-000383,SKU-0025,4,33.88,0.00,135.52
OI-0001111,OR-000383,SKU-0038,4,21.08,0.05,80.10
OI-0001112,OR-000383,SKU-0057,1,11.57,0.00,11.57
OI-0001113,OR-000384,SKU-0057,1,11.57,0.00,11.57
OI-0001114,OR-000384,SKU-0014,4,43.57,0.05,165.57
OI-0001115,OR-000384,SKU-0015,2,11.18,0.00,22.36
OI-0001116,OR-000384,SKU-0006,3,20.40,0.00,61.20
OI-0001117,OR-000384,SKU-0043,1,47.93,0.00,47.93
OI-0001127,OR-000387,SKU-0053,5,10.85,0.10,48.83
OI-0001128,OR-000387,SKU-0059,6,29.19,0.00,175.14
OI-0001129,OR-000387,SKU-0026,2,21.39,0.05,40.64
OI-0001130,OR-000387,SKU-0013,3,12.69,0.00,38.07
OI-0001131,OR-000387,SKU-0031,2,13.79,0.00,27.58
OI-0001136,OR-000389,SKU-0039,5,46.71,0.00,233.55
OI-0001140,OR-000391,SKU-0022,1,26.86,0.15,22.83
OI-0001141,OR-000391,SKU-0044,6,26.37,0.00,158.22
OI-0001142,OR-000392,SKU-0041,2,19.76,0.05,37.54
OI-0001143,OR-000392,SKU-0047,5,42.92,0.00,214.60
OI-0001144,OR-000392,SKU-0033,1,37.17,0.05,35.31
OI-0001145,OR-000392,SKU-0031,1,13.79,0.05,13.10
OI-0001146,OR-000393,SKU-0007,3,39.44,0.15,100.57
OI-0001147,OR-000393,SKU-0017,3,9.51,0.00,28.53
OI-0001148,OR-000393,SKU-0001,1,14.26,0.15,12.12
OI-0001149,OR-000393,SKU-0043,2,47.93,0.00,95.86
OI-0001150,OR-000393,SKU-0040,5,45.53,0.15,193.50
OI-0001151,OR-000394,SKU-0017,2,9.51,0.00,19.02
OI-0001152,OR-000394,SKU-0023,3,8.40,0.00,25.20
OI-0001153,OR-000394,SKU-0034,6,24.16,0.00,144.96
OI-0001154,OR-000394,SKU-0042,4,36.89,0.00,147.56
OI-0001165,OR-000397,SKU-0036,3,13.87,0.10,37.45
OI-0001166,OR-000397,SKU-0006,6,20.40,0.05,116.28
OI-0001167,OR-000397,SKU-0020,4,31.62,0.00,126.48
OI-0001168,OR-000397,SKU-0029,2,4.31,0.05,8.19
OI-0001169,OR-000397,SKU-0031,1,13.79,0.15,11.72
OI-0001170,OR-000398,SKU-0041,4,19.76,0.00,79.04
OI-0001171,OR-000398,SKU-0026,3,21.39,0.00,64.17
OI-0001176,OR-000401,SKU-0024,4,21.04,0.00,84.16
OI-0001177,OR-000401,SKU-0032,2,46.35,0.00,92.70
OI-0001178,OR-000401,SKU-0042,4,36.89,0.00,147.56
OI-0001179,OR-000401,SKU-0034,5,24.16,0.05,114.76
OI-0001181,OR-000403,SKU-0058,5,45.65,0.00,231.42
OI-0001182,OR-000403,SKU-0025,4,33.88,0.00,135.52
OI-0001183,OR-000403,SKU-0060,1,23.25,0.15,19.76
OI-0001184,OR-000403,SKU-0050,6,46.08,0.10,248.83
OI-0001185,OR-000403,SKU-0027,3,10.49,0.10,28.32
OI-0001186,OR-000404,SKU-0032,6,46.35,0.00,278.10
OI-0001187,OR-000405,SKU-0033,5,37.17,0.00,185.85
OI-0001188,OR-000405,SKU-0028,5,34.65,0.00,173.25
OI-0001189,OR-000406,SKU-0037,2,35.00,0.00,70.00
OI-0001190,OR-000406,SKU-0044,2,26.37,0.00,52.74
OI-0001197,OR-000410,SKU-0016,6,46.17,0.10,249.32
OI-0001198,OR-000410,SKU-0004,3,35.25,0.00,105.75
OI-0001199,OR-000410,SKU-0056,5,33.56,0.05,159.41
OI-0001200,OR-000410,SKU-0003,5,8.35,0.05,39.66
OI-0001201,OR-000411,SKU-0028,6,34.65,0.00,207.90
OI-0001203,OR-000413,SKU-0007,5,39.44,0.00,197.20
OI-0001204,OR-000413,SKU-0047,5,42.92,0.15,182.41
OI-0001205,OR-000413,SKU-0046,6,40.95,0.00,245.70
OI-0001206,OR-000413,SKU-0023,6,8.40,0.10,45.36
OI-0001207,OR-000413,SKU-0028,6,34.65,0.00,207.90
OI-0001208,OR-000414,SKU-0049,3,15.18,0.15,38.71
OI-0001209,OR-000414,SKU-0058,6,45.65,0.00,273.90
OI-0001210,OR-000414,SKU-0054,4,31.89,0.05,121.18
OI-0001211,OR-000414,SKU-0059,1,29.19,0.10,26.27
OI-0001212,OR-000415,SKU-0047,2,42.92,0.15,72.96
OI-0001213,OR-000416,SKU-0042,6,36.89,0.05,210.27
OI-0001214,OR-000417,SKU-0059,2,29.19,0.05,55.46
OI-0001215,OR-000417,SKU-0025,1,33.88,0.00,33.88
OI-0001216,OR-000417,SKU-0003,3,8.35,0.00,25.05
OI-0001217,OR-000417,SKU-0051,2,14.92,0.00,29.84
OI-0001218,OR-000417,SKU-0034,6,24.16,0.00,144.96
OI-0001219,OR-000418,SKU-0060,1,23.25,0.00,23.25
OI-0001220,OR-000418,SKU-0037,1,35.00,0.00,35.00
OI-0001221,OR-000419,SKU-0031,4,13.79,0.00,55.16
OI-0001222,OR-000419,SKU-0007,1,39.44,0.00,39.44
OI-0001223,OR-000419,SKU-0037,6,35.00,0.05,199.50
OI-0001224,OR-000420,SKU-0024,6,21.04,0.10,113.62
OI-0001225,OR-000420,SKU-0047,3,42.92,0.00,128.76
OI-0001229,OR-000422,SKU-0024,3,21.04,0.00,63.12
OI-0001230,OR-000422,SKU-0023,4,8.40,0.15,28.56
OI-0001231,OR-000422,SKU-0038,5,21.08,0.15,89.59
OI-0001232,OR-000422,SKU-0037,5,35.00,0.15,148.75
OI-0001233,OR-000422,SKU-0042,1,36.89,0.10,33.20
OI-0001234,OR-000423,SKU-0014,5,43.57,0.10,196.06
OI-0001235,OR-000423,SKU-0004,6,35.25,0.10,190.35
OI-0001236,OR-000423,SKU-0052,5,8.94,0.00,44.70
OI-0001237,OR-000423,SKU-0026,1,21.39,0.00,21.39
OI-0001240,OR-000425,SKU-0012,6,40.02,0.10,216.11
OI-0001241,OR-000425,SKU-0032,3,46.35,0.00,139.05
OI-0001242,OR-000425,SKU-0002,6,15.08,0.10,81.43
OI-0001243,OR-000426,SKU-0034,4,24.16,0.15,82.14
OI-0001244,OR-000426,SKU-0055,6,7.92,0.00,47.52
OI-0001248,OR-000428,SKU-0020,2,31.62,0.05,60.08
OI-0001249,OR-000428,SKU-0053,4,10.85,0.10,39.06
OI-0001250,OR-000429,SKU-0029,1,4.31,0.00,4.31
OI-0001251,OR-000429,SKU-0044,6,26.37,0.10,142.40
OI-0001252,OR-000429,SKU-0028,6,34.65,0.00,207.90
OI-0001253,OR-000430,SKU-0039,3,46.71,0.00,140.13
OI-0001258,OR-000432,SKU-0042,6,36.89,0.10,199.21
OI-0001259,OR-000432,SKU-0054,4,31.89,0.00,127.56
OI-0001260,OR-000432,SKU-0006,5,20.40,0.05,96.90
OI-0001261,OR-000433,SKU-0021,6,3.76,0.05,21.43
OI-0001262,OR-000433,SKU-0049,2,15.18,0.00,30.36
OI-0001263,OR-000433,SKU-0007,2,39.44,0.00,78.88
OI-0001264,OR-000433,SKU-0033,6,37.17,0.05,211.87
OI-0001265,OR-000433,SKU-0030,4,47.21,0.15,160.51
OI-0001267,OR-000435,SKU-0039,2,46.71,0.10,84.08
OI-0001268,OR-000435,SKU-0031,4,13.79,0.00,55.16
OI-0001269,OR-000435,SKU-0053,1,10.85,0.10,9.77
OI-0001270,OR-000436,SKU-0045,5,16.47,0.00,82.35
OI-0001271,OR-000436,SKU-0008,3,1.97,0.00,5.91
OI-0001272,OR-000436,SKU-0011,2,30.63,0.15,52.07
OI-0001273,OR-000436,SKU-0034,6,24.16,0.05,137.71
OI-0001274,OR-000437,SKU-0026,1,21.39,0.10,19.25
OI-0001275,OR-000437,SKU-0047,2,42.92,0.00,85.84
OI-0001276,OR-000437,SKU-0044,6,26.37,0.05,150.31
OI-0001281,OR-000439,SKU-0019,4,40.98,0.05,155.72
OI-0001282,OR-000439,SKU-0049,2,15.18,0.05,28.84
OI-0001283,OR-000440,SKU-0003,4,8.35,0.05,31.73
OI-0001284,OR-000441,SKU-0034,5,24.16,0.00,120.80
OI-0001285,OR-000441,SKU-0057,1,11.57,0.00,11.57
OI-0001289,OR-000443,SKU-0019,3,40.98,0.00,122.94
OI-0001290,OR-000443,SKU-0042,4,36.89,0.00,147.56
OI-0001291,OR-000443,SKU-0003,2,8.35,0.05,15.86
OI-0001295,OR-000445,SKU-0042,1,36.89,0.10,33.20
OI-0001296,OR-000445,SKU-0026,6,21.39,0.00,128.34
OI-0001297,OR-000445,SKU-0047,6,42.92,0.00,257.52
OI-0001308,OR-000450,SKU-0026,5,21.39,0.15,90.91
OI-0001309,OR-000450,SKU-0004,6,35.25,0.15,179.78
OI-0001310,OR-000450,SKU-0047,5,42.92,0.00,214.60
OI-0001311,OR-000450,SKU-0056,4,33.56,0.00,134.24
OI-0001312,OR-000451,SKU-0058,5,45.65,0.00,228.25
OI-0001313,OR-000451,SKU-0047,3,42.92,0.05,122.32
OI-0001314,OR-000451,SKU-0052,6,8.94,0.00,53.64
OI-0001315,OR-000451,SKU-0046,3,40.95,0.00,122.85
OI-0001316,OR-000451,SKU-0015,5,11.18,0.00,55.90
OI-0001318,OR-000453,SKU-0049,4,15.18,0.15,51.61
OI-0001319,OR-000453,SKU-0057,4,11.57,0.00,46.28
OI-0001324,OR-000455,SKU-0054,6,31.89,0.00,191.34
OI-0001325,OR-000455,SKU-0014,5,43.57,0.10,196.06
OI-0001332,OR-000458,SKU-0008,3,1.97,0.00,5.91
OI-0001333,OR-000458,SKU-0001,4,14.26,0.10,51.34
OI-0001334,OR-000458,SKU-0004,3,35.25,0.10,95.17
OI-0001335,OR-000458,SKU-0035,5,22.53,0.15,95.75
OI-0001336,OR-000458,SKU-0020,2,31.62,0.00,63.24
OI-0001338,OR-000460,SKU-0036,1,13.87,0.00,13.87
OI-0001339,OR-000460,SKU-0051,2,14.92,0.00,29.84
OI-0001340,OR-000460,SKU-0046,3,40.95,0.00,122.85
OI-0001341,OR-000460,SKU-0058,3,45.65,0.05,130.10
OI-0001342,OR-000460,SKU-0021,5,3.76,0.00,18.80
OI-0001346,OR-000462,SKU-0014,5,43.57,0.00,217.85
OI-0001347,OR-000462,SKU-0049,4,15.18,0.15,51.61
OI-0001348,OR-000462,SKU-0022,3,26.86,0.00,80.58
OI-0001349,OR-000462,SKU-0004,2,35.25,0.00,70.50
OI-0001350,OR-000462,SKU-0030,6,47.21,0.00,283.26
OI-0001351,OR-000463,SKU-0010,4,37.20,0.00,148.80
OI-0001352,OR-000464,SKU-0045,5,16.47,0.00,82.35
OI-0001353,OR-000464,SKU-0039,1,46.71,0.00,46.71
OI-0001354,OR-000465,SKU-0036,4,13.87,0.00,55.48
OI-0001357,OR-000467,SKU-0028,3,34.65,0.00,103.95
OI-0001361,OR-000469,SKU-0021,5,3.76,0.00,18.80
OI-0001364,OR-000471,SKU-0048,5,24.84,0.00,124.20
OI-0001365,OR-000472,SKU-0038,4,21.08,0.10,75.89
OI-0001366,OR-000472,SKU-0006,1,20.40,0.00,20.40
OI-0001375,OR-000476,SKU-0016,1,46.17,0.00,46.17
OI-0001376,OR-000476,SKU-0041,3,19.76,0.00,59.28
OI-0001380,OR-000479,SKU-0027,4,10.49,0.00,41.96
OI-0001382,OR-000481,SKU-0048,4,24.84,0.00,99.36
OI-0001383,OR-000481,SKU-0010,3,37.20,0.15,94.86
OI-0001384,OR-000481,SKU-0051,6,14.92,0.00,89.52
OI-0001385,OR-000481,SKU-0010,1,37.20,0.05,35.34
OI-0001386,OR-000481,SKU-0051,3,14.92,0.00,44.76
OI-0001387,OR-000482,SKU-0014,2,43.57,0.00,87.14
OI-0001388,OR-000482,SKU-0013,4,12.69,0.10,45.68
OI-0001389,OR-000482,SKU-0055,3,7.92,0.00,23.76
OI-0001390,OR-000482,SKU-0041,6,19.76,0.05,112.63
OI-0001391,OR-000482,SKU-0033,3,37.17,0.10,100.36
OI-0001392,OR-000483,SKU-0004,5,35.25,0.00,176.25
OI-0001393,OR-000483,SKU-0055,4,7.92,0.00,31.68
OI-0001394,OR-000483,SKU-0047,3,42.92,0.00,128.76
OI-0001395,OR-000483,SKU-0043,6,47.93,0.00,287.58
OI-0001396,OR-000483,SKU-0044,5,26.37,0.10,118.66
OI-0001399,OR-000485,SKU-0053,4,10.85,0.00,43.40
OI-0001400,OR-000485,SKU-0050,3,46.08,0.00,138.24
OI-0001401,OR-000485,SKU-0012,6,40.02,0.05,228.11
OI-0001402,OR-000485,SKU-0056,6,33.56,0.15,171.16
OI-0001403,OR-000485,SKU-0050,4,46.08,0.05,175.10
OI-0001415,OR-000489,SKU-0015,1,11.18,0.00,11.18
OI-0001416,OR-000489,SKU-0051,6,14.92,0.00,89.52
OI-0001417,OR-000489,SKU-0037,5,35.00,0.05,166.25
OI-0001418,OR-000490,SKU-0025,1,33.88,0.05,32.19
OI-0001419,OR-000490,SKU-0005,1,42.53,0.00,42.53
OI-0001420,OR-000490,SKU-0011,5,30.63,0.00,153.15
OI-0001421,OR-000490,SKU-0008,1,1.97,0.10,1.77
OI-0001422,OR-000490,SKU-0009,4,33.65,0.00,134.60
OI-0001423,OR-000491,SKU-0019,3,40.98,0.00,122.94
OI-0001434,OR-000495,SKU-0016,4,46.17,0.15,156.98
OI-0001435,OR-000495,SKU-0020,4,31.62,0.00,126.48
OI-0001436,OR-000495,SKU-0018,5,3.17,0.00,15.85
OI-0001437,OR-000495,SKU-0049,5,15.18,0.10,68.31
OI-0001438,OR-000495,SKU-0039,5,46.71,0.10,210.20
OI-0001444,OR-000497,SKU-0047,1,42.92,0.00,42.92
OI-0001445,OR-000498,SKU-0020,6,31.62,0.05,180.23
OI-0001446,OR-000498,SKU-0033,2,37.17,0.10,66.91
OI-0001447,OR-000498,SKU-0059,3,29.19,0.10,78.81
OI-0001448,OR-000498,SKU-0029,3,4.31,0.15,10.99
OI-0001449,OR-000498,SKU-0038,6,21.08,0.05,120.16
OI-0001450,OR-000499,SKU-0023,4,8.40,0.05,31.92
OI-0001451,OR-000499,SKU-0007,2,39.44,0.10,70.99
OI-0001452,OR-000499,SKU-0042,3,36.89,0.10,99.60
OI-0001459,OR-000503,SKU-0022,3,26.86,0.05,76.55
OI-0001460,OR-000503,SKU-0022,1,26.86,0.05,25.52
OI-0001461,OR-000503,SKU-0023,2,8.40,0.00,16.80
OI-0001462,OR-000503,SKU-0020,3,31.62,0.00,94.86
OI-0001463,OR-000504,SKU-0060,1,23.25,0.00,23.25
OI-0001464,OR-000504,SKU-0059,4,29.19,0.00,116.76
OI-0001465,OR-000504,SKU-0014,1,43.57,0.10,39.21
OI-0001466,OR-000504,SKU-0010,5,37.20,0.05,176.70
OI-0001467,OR-000505,SKU-0018,4,3.17,0.00,12.68
OI-0001468,OR-000505,SKU-0052,5,8.94,0.10,40.23
OI-0001469,OR-000505,SKU-0039,6,46.71,0.10,252.23
OI-0001470,OR-000505,SKU-0053,2,10.85,0.00,21.70
OI-0001478,OR-000508,SKU-0007,1,39.44,0.05,37.47
OI-0001479,OR-000508,SKU-0012,3,40.02,0.10,108.05
OI-0001480,OR-000508,SKU-0019,4,40.98,0.05,155.72
OI-0001484,OR-000511,SKU-0036,4,13.87,0.00,55.48
OI-0001485,OR-000511,SKU-0053,2,10.85,0.00,21.70
OI-0001486,OR-000511,SKU-0014,1,43.57,0.15,37.03
OI-0001487,OR-000511,SKU-0002,5,15.08,0.05,71.63
OI-0001488,OR-000511,SKU-0022,3,26.86,0.05,76.55
OI-0001489,OR-000512,SKU-0016,5,46.17,0.10,207.77
OI-0001490,OR-000512,SKU-0036,2,13.87,0.00,27.74
OI-0001491,OR-000512,SKU-0036,5,13.87,0.00,69.35
OI-0001501,OR-990002,SKU-0045,5,16.47,0.00,82.35
OI-0001504,OR-000517,SKU-0002,4,15.08,0.05,57.30
OI-0001505,OR-000517,SKU-0001,1,14.26,0.10,12.83
OI-0001506,OR-000517,SKU-0003,4,8.35,0.10,30.06
OI-0001507,OR-000517,SKU-0015,4,11.18,0.15,38.01
OI-0001508,OR-000517,SKU-0008,4,1.97,0.05,7.49
OI-0001513,OR-000520,SKU-0020,6,31.62,0.00,189.72
OI-0001514,OR-000520,SKU-0027,4,10.49,0.00,41.96
OI-0001515,OR-000521,SKU-0020,4,31.62,0.00,126.48
OI-0001516,OR-000522,SKU-0039,5,46.71,0.00,233.55
OI-0001517,OR-000523,SKU-0040,3,45.53,0.15,116.10
OI-0001518,OR-000524,SKU-0050,4,46.08,0.00,184.32
OI-0001519,OR-000524,SKU-0017,1,9.51,0.15,8.08
OI-0001520,OR-000524,SKU-0002,3,15.08,0.15,38.45
OI-0001521,OR-000524,SKU-0020,1,31.62,0.15,26.88
OI-0001522,OR-000524,SKU-0050,3,46.08,0.00,138.24
OI-0001527,OR-000526,SKU-0029,4,4.31,0.00,17.24
OI-0001528,OR-000527,SKU-0051,2,14.92,0.15,25.36
OI-0001529,OR-000527,SKU-0036,3,13.87,0.15,35.37
OI-0001530,OR-000527,SKU-0009,3,33.65,0.15,85.81
OI-0001536,OR-000530,SKU-0033,5,37.17,0.10,167.27
OI-0001537,OR-000530,SKU-0029,2,4.31,0.00,8.62
OI-0001538,OR-000530,SKU-0036,6,13.87,0.00,83.22
OI-0001539,OR-000530,SKU-0004,5,35.25,0.10,158.62
OI-0001540,OR-000530,SKU-0040,4,45.53,0.00,182.12
OI-0001541,OR-000531,SKU-0028,4,34.65,0.00,138.60
OI-0001542,OR-000531,SKU-0020,2,31.62,0.00,63.24
OI-0001543,OR-000531,SKU-0032,5,46.35,0.00,231.75
OI-0001554,OR-000536,SKU-0033,6,37.17,0.00,223.02
OI-0001555,OR-000536,SKU-0020,6,31.62,0.00,189.72
OI-0001556,OR-000537,SKU-0004,2,35.25,0.10,63.45
OI-0001557,OR-000537,SKU-0026,3,21.39,0.00,64.17
OI-0001558,OR-000537,SKU-0005,4,42.53,0.15,144.60
OI-0001559,OR-000538,SKU-0040,5,45.53,0.15,193.50
OI-0001560,OR-000538,SKU-0013,5,12.69,0.05,60.28
OI-0001561,OR-000538,SKU-0038,3,21.08,0.05,60.08
OI-0001562,OR-000538,SKU-0054,4,31.89,0.00,127.56
OI-0001563,OR-000539,SKU-0003,4,8.35,0.05,31.73
OI-0001564,OR-000539,SKU-0014,5,43.57,0.05,206.96
OI-0001565,OR-000539,SKU-0040,3,45.53,0.00,136.59
OI-0001566,OR-000539,SKU-0004,1,35.25,0.00,35.25
OI-0001567,OR-000540,SKU-0038,3,21.08,0.00,63.24
OI-0001568,OR-000540,SKU-0036,3,13.87,0.00,41.61
OI-0001569,OR-000540,SKU-0046,6,40.95,0.05,233.41
OI-0001570,OR-000540,SKU-0008,2,1.97,0.10,3.55
OI-0001571,OR-000540,SKU-0056,2,33.56,0.05,63.76
OI-0001577,OR-000542,SKU-0037,3,35.00,0.00,105.00
OI-0001578,OR-000542,SKU-0056,1,33.56,0.00,33.56
OI-0001579,OR-000542,SKU-0028,2,34.65,0.00,69.30
OI-0001580,OR-000542,SKU-0043,6,47.93,0.15,244.44
OI-0001581,OR-000543,SKU-0010,3,37.20,0.00,111.60
OI-0001582,OR-000543,SKU-0021,1,3.76,0.15,3.20
OI-0001583,OR-000543,SKU-0034,6,24.16,0.00,144.96
OI-0001588,OR-000546,SKU-0011,3,30.63,0.10,82.70
OI-0001589,OR-000546,SKU-0020,3,31.62,0.00,94.86
OI-0001590,OR-000546,SKU-0005,1,42.53,0.15,36.15
OI-0001591,OR-000547,SKU-0055,3,7.92,0.00,23.76
OI-0001592,OR-000547,SKU-0032,5,46.35,0.00,231.75
OI-0001593,OR-000547,SKU-0057,3,11.57,0.15,29.50
OI-0001599,OR-000549,SKU-0025,6,33.88,0.00,203.28
OI-0001600,OR-000549,SKU-0030,2,47.21,0.15,80.26
OI-0001601,OR-000549,SKU-0044,2,26.37,0.00,52.74
OI-0001602,OR-000549,SKU-0032,2,46.35,0.00,92.70
OI-0001603,OR-000549,SKU-0043,6,47.93,0.00,287.58
OI-0001618,OR-000554,SKU-0036,4,13.87,0.00,55.48
OI-0001627,OR-000557,SKU-0026,5,21.39,0.05,101.60
OI-0001628,OR-000557,SKU-0053,4,10.85,0.15,36.89
OI-0001629,OR-000558,SKU-0005,5,42.53,0.00,212.65
OI-0001630,OR-000558,SKU-0038,1,21.08,0.00,21.08
OI-0001631,OR-000558,SKU-0018,2,3.17,0.15,5.39
OI-0001632,OR-000558,SKU-0054,4,31.89,0.10,114.80
OI-0001633,OR-000558,SKU-0010,5,37.20,0.00,186.00
OI-0001635,OR-000560,SKU-0054,6,31.89,0.10,172.21
OI-0001636,OR-000560,SKU-0034,1,24.16,0.10,21.74
OI-0001637,OR-000560,SKU-0004,2,35.25,0.15,59.92
OI-0001638,OR-000561,SKU-0052,5,8.94,0.00,44.70
OI-0001639,OR-000561,SKU-0028,5,34.65,0.00,173.25
OI-0001640,OR-000561,SKU-0004,2,35.25,0.15,59.92
OI-0001654,OR-000567,SKU-0004,5,35.25,0.00,176.25
OI-0001655,OR-000567,SKU-0055,1,7.92,0.10,7.13
OI-0001662,OR-000571,SKU-0039,1,46.71,0.10,42.04
OI-0001663,OR-000571,SKU-0056,5,33.56,0.00,167.80
OI-0001664,OR-000571,SKU-0055,2,7.92,0.00,15.84
OI-0001675,OR-000575,SKU-0026,6,21.39,0.00,128.34
OI-0001676,OR-000575,SKU-0024,3,21.04,0.00,63.12
OI-0001677,OR-000575,SKU-0013,2,12.69,0.05,24.11
OI-0001678,OR-000575,SKU-0039,3,46.71,0.05,133.12
OI-0001679,OR-000575,SKU-0026,4,21.39,0.00,85.56
OI-0001684,OR-000577,SKU-0009,2,33.65,0.05,63.93
OI-0001685,OR-000577,SKU-0009,1,33.65,0.10,30.29
OI-0001692,OR-000580,SKU-0006,4,20.40,0.10,73.44
OI-0001693,OR-000580,SKU-0007,4,39.44,0.00,157.76
OI-0001694,OR-000580,SKU-0040,2,45.53,0.00,91.06
OI-0001706,OR-000585,SKU-0021,2,3.76,0.00,7.52
OI-0001707,OR-000585,SKU-0045,2,16.47,0.00,32.94
OI-0001708,OR-000585,SKU-0023,5,8.40,0.10,37.80
OI-0001709,OR-000585,SKU-0033,1,37.17,0.05,35.31
OI-0001710,OR-000586,SKU-0025,4,33.88,0.00,135.52
OI-0001711,OR-000586,SKU-0021,2,3.76,0.00,7.52
OI-0001712,OR-000586,SKU-0027,1,10.49,0.00,10.49
OI-0001713,OR-000586,SKU-0033,1,37.17,0.05,38.48
OI-0001720,OR-000589,SKU-0040,6,45.53,0.00,273.18
OI-0001721,OR-000589,SKU-0042,5,36.89,0.05,175.23
OI-0001727,OR-000592,SKU-0042,1,36.89,0.10,33.20
OI-0001728,OR-000593,SKU-0019,5,40.98,0.00,204.90
OI-0001732,OR-000595,SKU-0054,5,31.89,0.00,159.45
OI-0001733,OR-000595,SKU-0059,4,29.19,0.15,99.25
OI-0001734,OR-000596,SKU-0048,2,24.84,0.10,44.71
OI-0001735,OR-000596,SKU-0052,1,8.94,0.05,8.49
OI-0001736,OR-000596,SKU-0016,2,46.17,0.00,92.34
OI-0001737,OR-000597,SKU-0011,3,30.63,0.00,91.89
OI-0001751,OR-000602,SKU-0020,6,31.62,0.00,189.72
OI-0001752,OR-000602,SKU-0055,6,7.92,0.15,40.39
OI-0001753,OR-000602,SKU-0026,2,21.39,0.00,42.78
OI-0001754,OR-000602,SKU-0016,1,46.17,0.00,46.17
OI-0001755,OR-000603,SKU-0008,5,1.97,0.00,9.85
OI-0001756,OR-000603,SKU-0033,1,37.17,0.05,35.31
OI-0001760,OR-000606,SKU-0042,2,36.89,0.00,73.78
OI-0001761,OR-000606,SKU-0053,1,10.85,0.10,9.77
OI-0001762,OR-000607,SKU-0007,3,39.44,0.00,118.32
OI-0001763,OR-000607,SKU-0011,4,30.63,0.00,122.52
OI-0001764,OR-000608,SKU-0012,6,40.02,0.00,240.12
OI-0001765,OR-000608,SKU-0006,6,20.40,0.05,116.28
OI-0001766,OR-000608,SKU-0009,4,33.65,0.00,134.60
OI-0001769,OR-000611,SKU-0046,5,40.95,0.10,184.28
OI-0001774,OR-000614,SKU-0027,5,10.49,0.00,52.45
OI-0001775,OR-000614,SKU-0016,1,46.17,0.00,46.17
OI-0001776,OR-000614,SKU-0041,2,19.76,0.00,39.52
OI-0001777,OR-000615,SKU-0019,6,40.98,0.00,245.88
OI-0001778,OR-000615,SKU-0002,3,15.08,0.00,45.24
OI-0001779,OR-000615,SKU-0008,3,1.97,0.15,5.02
OI-0001780,OR-000615,SKU-0028,6,34.65,0.00,207.90
OI-0001781,OR-000616,SKU-0017,1,9.51,0.00,9.51
OI-0001782,OR-000616,SKU-0029,6,4.31,0.10,23.27
OI-0001783,OR-000616,SKU-0051,3,14.92,0.00,44.76
OI-0001786,OR-000618,SKU-0012,3,40.02,0.00,120.06
OI-0001787,OR-000618,SKU-0039,3,46.71,0.10,126.12
OI-0001788,OR-000618,SKU-0060,3,23.25,0.00,69.75
OI-0001789,OR-000618,SKU-0039,5,46.71,0.15,198.52
OI-0001790,OR-000618,SKU-0034,4,24.16,0.00,96.64
OI-0001796,OR-000620,SKU-0021,5,3.76,0.00,18.80
OI-0001797,OR-000620,SKU-0048,6,24.84,0.15,126.68
OI-0001798,OR-000620,SKU-0053,6,10.85,0.10,58.59
OI-0001799,OR-000620,SKU-0015,1,11.18,0.05,10.62
OI-0001800,OR-000621,SKU-0047,6,42.92,0.00,257.52
OI-0001801,OR-000621,SKU-0002,4,15.08,0.10,54.29
OI-0001802,OR-000621,SKU-0034,1,24.16,0.00,24.16
OI-0001803,OR-000621,SKU-0057,6,11.57,0.00,69.42
OI-0001812,OR-000626,SKU-0057,4,11.57,0.00,46.28
OI-0001813,OR-000626,SKU-0039,1,46.71,0.10,42.04
OI-0001822,OR-000629,SKU-0027,2,10.49,0.00,20.98
OI-0001823,OR-000629,SKU-0040,3,45.53,0.00,136.59
OI-0001824,OR-000629,SKU-0012,6,40.02,0.00,240.12
OI-0001825,OR-000629,SKU-0020,1,31.62,0.00,31.62
OI-0001826,OR-000629,SKU-0016,1,46.17,0.00,46.17
OI-0001830,OR-000631,SKU-0034,3,24.16,0.15,61.61
OI-0001834,OR-000633,SKU-0008,3,1.97,0.15,5.02
OI-0001835,OR-000633,SKU-0012,4,40.02,0.05,152.08
OI-0001836,OR-000633,SKU-0058,1,45.65,0.00,45.65
OI-0001837,OR-000634,SKU-0013,3,12.69,0.10,34.26
OI-0001838,OR-000634,SKU-0015,4,11.18,0.00,44.72
OI-0001839,OR-000634,SKU-0055,1,7.92,0.10,7.13
OI-0001840,OR-000634,SKU-0031,6,13.79,0.10,74.47
OI-0001841,OR-000635,SKU-0045,6,16.47,0.00,98.82
OI-0001842,OR-000635,SKU-0015,5,11.18,0.15,47.52
OI-0001843,OR-000635,SKU-0026,1,21.39,0.15,18.18
OI-0001844,OR-000635,SKU-0047,6,42.92,0.00,257.52
OI-0001845,OR-000635,SKU-0045,1,16.47,0.00,16.47
OI-0001853,OR-000639,SKU-0051,3,14.92,0.00,44.76
OI-0001854,OR-000639,SKU-0009,5,33.65,0.05,159.84
OI-0001855,OR-000640,SKU-0024,5,21.04,0.15,89.42
OI-0001856,OR-000640,SKU-0012,1,40.02,0.10,36.02
OI-0001857,OR-000640,SKU-0034,4,24.16,0.15,82.14
OI-0001858,OR-000640,SKU-0023,6,8.40,0.00,50.40
OI-0001859,OR-000640,SKU-0034,6,24.16,0.15,123.22
OI-0001860,OR-000641,SKU-0006,6,20.40,0.10,110.16
OI-0001861,OR-000641,SKU-0026,4,21.39,0.00,85.56
OI-0001862,OR-000641,SKU-0036,2,13.87,0.05,26.35
OI-0001863,OR-000642,SKU-0057,1,11.57,0.00,11.57
OI-0001864,OR-000643,SKU-0011,3,30.63,0.00,91.89
OI-0001865,OR-000643,SKU-0035,2,22.53,0.00,45.06
OI-0001866,OR-000643,SKU-0024,6,21.04,0.00,126.24
OI-0001867,OR-000643,SKU-0036,3,13.87,0.00,41.61
OI-0001868,OR-000643,SKU-0052,5,8.94,0.00,44.70
OI-0001869,OR-000644,SKU-0035,4,22.53,0.00,90.12
OI-0001870,OR-000645,SKU-0008,1,1.97,0.00,1.97
OI-0001871,OR-000645,SKU-0041,4,19.76,0.00,79.04
OI-0001872,OR-000645,SKU-0012,3,40.02,0.15,102.05
OI-0001873,OR-000645,SKU-0033,3,37.17,0.10,100.36
OI-0001874,OR-000646,SKU-0044,1,26.37,0.10,23.73
OI-0001882,OR-000649,SKU-0003,6,8.35,0.00,50.10
OI-0001883,OR-000649,SKU-0040,3,45.53,0.15,116.10
OI-0001884,OR-000649,SKU-0041,5,19.76,0.10,88.92
OI-0001885,OR-000649,SKU-0031,5,13.79,0.00,68.95
OI-0001894,OR-000652,SKU-0030,5,47.21,0.00,236.05
OI-0001895,OR-000652,SKU-0042,6,36.89,0.00,221.34
OI-0001896,OR-000652,SKU-0026,3,21.39,0.00,64.17
OI-0001897,OR-000652,SKU-0033,6,37.17,0.00,223.02
OI-0001904,OR-000655,SKU-0007,3,39.44,0.10,106.49
OI-0001905,OR-000655,SKU-0035,2,22.53,0.05,42.81
OI-0001906,OR-000655,SKU-0021,4,3.76,0.00,15.04
OI-0001912,OR-000657,SKU-0041,5,19.76,0.00,98.80
OI-0001918,OR-000659,SKU-0030,6,47.21,0.05,269.10
OI-0001919,OR-000660,SKU-0047,1,42.92,0.00,42.92
OI-0001920,OR-000660,SKU-0008,3,1.97,0.00,5.91
OI-0001921,OR-000660,SKU-0046,2,40.95,0.05,77.81
OI-0001922,OR-000661,SKU-0045,1,16.47,0.00,16.47
OI-0001927,OR-000663,SKU-0044,4,26.37,0.00,105.48
OI-0001928,OR-000663,SKU-0057,4,11.57,0.00,46.28
OI-0001929,OR-000663,SKU-0018,6,3.17,0.00,19.02
OI-0001930,OR-000663,SKU-0018,2,3.17,0.15,5.39
OI-0001933,OR-000665,SKU-0024,1,21.04,0.05,19.99
OI-0001934,OR-000665,SKU-0018,2,3.17,0.05,6.02
OI-0001935,OR-000665,SKU-0042,5,36.89,0.00,184.45
OI-0001939,OR-000667,SKU-0038,3,21.08,0.00,63.24
OI-0001940,OR-000667,SKU-0012,5,40.02,0.00,200.10
OI-0001941,OR-000667,SKU-0015,4,11.18,0.00,44.72
OI-0001942,OR-000667,SKU-0058,2,45.65,0.15,77.60
OI-0001943,OR-000667,SKU-0008,2,1.97,0.00,3.94
OI-0001944,OR-000668,SKU-0002,4,15.08,0.00,60.32
OI-0001945,OR-000668,SKU-0046,1,40.95,0.10,36.86
OI-0001946,OR-000668,SKU-0034,1,24.16,0.10,21.74
OI-0001947,OR-000668,SKU-0057,3,11.57,0.15,29.50
OI-0001948,OR-000669,SKU-0025,4,33.88,0.00,135.52
OI-0001949,OR-000669,SKU-0014,3,43.57,0.00,130.71
OI-0001950,OR-000669,SKU-0001,5,14.26,0.00,71.30
OI-0001951,OR-000669,SKU-0021,5,3.76,0.05,17.86
OI-0001952,OR-000670,SKU-0013,6,12.69,0.15,64.72
OI-0001953,OR-000671,SKU-0029,4,4.31,0.15,14.65
OI-0001954,OR-000671,SKU-0013,5,12.69,0.00,63.45
OI-0001955,OR-000671,SKU-0009,6,33.65,0.05,191.80
OI-0001956,OR-000671,SKU-0054,4,31.89,0.00,127.56
OI-0001958,OR-000673,SKU-0024,3,21.04,0.00,63.12
OI-0001959,OR-000673,SKU-0038,4,21.08,0.00,84.32
OI-0001960,OR-000673,SKU-0047,1,42.92,0.00,42.92
OI-0001961,OR-000673,SKU-0032,3,46.35,0.00,139.05
OI-0001962,OR-000674,SKU-0046,3,40.95,0.05,116.71
OI-0001965,OR-000676,SKU-0034,3,24.16,0.05,68.86
OI-0001966,OR-000677,SKU-0036,2,13.87,0.00,27.74
OI-0001967,OR-000677,SKU-0027,1,10.49,0.15,8.92
OI-0001968,OR-000678,SKU-0016,4,46.17,0.15,156.98
OI-0001969,OR-000678,SKU-0038,5,21.08,0.15,89.59
OI-0001970,OR-000678,SKU-0040,3,45.53,0.15,116.10
OI-0001971,OR-000678,SKU-0008,4,1.97,0.15,6.70
OI-0001977,OR-000680,SKU-0057,4,11.57,0.15,39.34
OI-0001978,OR-000680,SKU-0012,5,40.02,0.15,170.09
OI-0001979,OR-000680,SKU-0029,4,4.31,0.05,16.38
OI-0001980,OR-000681,SKU-0003,1,8.35,0.00,8.35
OI-0001981,OR-000681,SKU-0003,5,8.35,0.00,41.75
OI-0001982,OR-000682,SKU-0011,3,30.63,0.00,91.89
OI-0001983,OR-000682,SKU-0049,6,15.18,0.15,77.42
OI-0001993,OR-000686,SKU-0044,2,26.37,0.15,44.83
OI-0001994,OR-000687,SKU-0037,2,35.00,0.00,70.00
OI-0001995,OR-000687,SKU-0029,2,4.31,0.15,7.33
OI-0001996,OR-000687,SKU-0025,4,33.88,0.00,135.52
OI-0001999,OR-000689,SKU-0010,2,37.20,0.15,63.24
OI-0002000,OR-000689,SKU-0039,1,46.71,0.00,46.71
OI-0002001,OR-000689,SKU-0032,2,46.35,0.05,88.06
OI-0002002,OR-000689,SKU-0054,1,31.89,0.00,31.89
OI-0002003,OR-000689,SKU-0030,3,47.21,0.00,141.63
OI-0002010,OR-000693,SKU-0042,6,36.89,0.10,199.21
OI-0002011,OR-000693,SKU-0007,6,39.44,0.00,236.64
OI-0002022,OR-000696,SKU-0042,6,36.89,0.10,199.21
OI-0002023,OR-000696,SKU-0051,6,14.92,0.05,85.04
OI-0002024,OR-000696,SKU-0031,5,13.79,0.00,68.95
OI-0002034,OR-000699,SKU-0043,2,47.93,0.00,95.86
OI-0002035,OR-000699,SKU-0020,4,31.62,0.15,107.51
OI-0002036,OR-000699,SKU-0055,4,7.92,0.00,31.68
OI-0002037,OR-000699,SKU-0033,3,37.17,0.00,111.51
OI-0002038,OR-000699,SKU-0018,3,3.17,0.05,9.03
OI-0002039,OR-000700,SKU-0032,6,46.35,0.10,250.29
OI-0002040,OR-000700,SKU-0055,3,7.92,0.10,21.38
OI-0002041,OR-000700,SKU-0013,1,12.69,0.00,12.69
OI-0002042,OR-000700,SKU-0043,2,47.93,0.15,81.48
OI-0002043,OR-000700,SKU-0053,5,10.85,0.00,54.25
OI-0002044,OR-000701,SKU-0011,3,30.63,0.00,95.06
OI-0002045,OR-000701,SKU-0044,1,26.37,0.00,26.37
OI-0002046,OR-000701,SKU-0031,4,13.79,0.00,55.16
OI-0002047,OR-000701,SKU-0045,3,16.47,0.00,49.41
OI-0002053,OR-000704,SKU-0045,4,16.47,0.00,65.88
OI-0002054,OR-000705,SKU-0033,5,37.17,0.00,185.85
OI-0002055,OR-000705,SKU-0008,6,1.97,0.00,11.82
OI-0002056,OR-000706,SKU-0033,4,37.17,0.00,148.68
OI-0002057,OR-000706,SKU-0025,6,33.88,0.05,193.12
OI-0002058,OR-000707,SKU-0021,2,3.76,0.05,7.14
OI-0002059,OR-000707,SKU-0057,5,11.57,0.10,52.07
OI-0002060,OR-000707,SKU-0004,1,35.25,0.00,35.25
OI-0002061,OR-000707,SKU-0009,3,33.65,0.10,90.85
OI-0002062,OR-000707,SKU-0036,6,13.87,0.10,74.90
OI-0002063,OR-000708,SKU-0041,1,19.76,0.10,17.78
OI-0002064,OR-000709,SKU-0059,6,29.19,0.00,175.14
OI-0002065,OR-000709,SKU-0036,2,13.87,0.05,26.35
OI-0002066,OR-000709,SKU-0038,2,21.08,0.10,37.94
OI-0002067,OR-000709,SKU-0004,4,35.25,0.00,141.00
OI-0002071,OR-000711,SKU-0040,1,45.53,0.00,45.53
OI-0002072,OR-000711,SKU-0055,2,7.92,0.00,15.84
OI-0002083,OR-000716,SKU-0034,4,24.16,0.00,96.64
OI-0002084,OR-000716,SKU-0051,5,14.92,0.00,74.60
OI-0002087,OR-000718,SKU-0035,2,22.53,0.10,40.55
OI-0002088,OR-000718,SKU-0023,2,8.40,0.05,15.96
OI-0002089,OR-000718,SKU-0050,5,46.08,0.00,230.40
OI-0002090,OR-000718,SKU-0058,6,45.65,0.00,273.90
OI-0002091,OR-000719,SKU-0048,2,24.84,0.00,49.68
OI-0002092,OR-000719,SKU-0003,6,8.35,0.00,50.10
OI-0002093,OR-000719,SKU-0033,6,37.17,0.05,211.87
OI-0002094,OR-000719,SKU-0018,2,3.17,0.15,5.39
OI-0002103,OR-000724,SKU-0026,2,21.39,0.05,40.64
OI-0002104,OR-000725,SKU-0010,6,37.20,0.15,189.72
OI-0002105,OR-000725,SKU-0053,1,10.85,0.05,10.31
OI-0002110,OR-000728,SKU-0004,2,35.25,0.05,66.97
OI-0002111,OR-000728,SKU-0027,2,10.49,0.10,18.88
OI-0002112,OR-000728,SKU-0005,5,42.53,0.00,212.65
OI-0002113,OR-000728,SKU-0014,6,43.57,0.00,261.42
OI-0002114,OR-000728,SKU-0038,3,21.08,0.15,53.75
OI-0002129,OR-000733,SKU-0059,1,29.19,0.05,27.73
OI-0002130,OR-000733,SKU-0004,5,35.25,0.10,158.62
OI-0002131,OR-000733,SKU-0027,3,10.49,0.00,31.47
OI-0002138,OR-000736,SKU-0051,1,14.92,0.00,14.92
OI-0002139,OR-000736,SKU-0009,1,33.65,0.05,31.97
OI-0002140,OR-000737,SKU-0042,2,36.89,0.00,73.78
OI-0002141,OR-000738,SKU-0023,5,8.40,0.00,42.00
OI-0002142,OR-000738,SKU-0050,6,46.08,0.00,276.48
OI-0002143,OR-000738,SKU-0037,6,35.00,0.00,210.00
OI-0002144,OR-000738,SKU-0034,6,24.16,0.00,144.96
OI-0002145,OR-000738,SKU-0031,1,13.79,0.10,12.41
OI-0002146,OR-000739,SKU-0039,4,46.71,0.05,177.50
OI-0002147,OR-000739,SKU-0014,3,43.57,0.10,117.64
OI-0002148,OR-000739,SKU-0058,2,45.65,0.00,91.30
OI-0002149,OR-000739,SKU-0022,1,26.86,0.15,22.83
OI-0002150,OR-000740,SKU-0056,2,33.56,0.15,57.05
OI-0002151,OR-000740,SKU-0057,1,11.57,0.15,9.83
OI-0002152,OR-000740,SKU-0049,4,15.18,0.10,54.65
OI-0002153,OR-000740,SKU-0006,2,20.40,0.05,38.76
OI-0002163,OR-000743,SKU-0030,5,47.21,0.00,236.05
OI-0002164,OR-000743,SKU-0021,5,3.76,0.05,17.86
OI-0002165,OR-000744,SKU-0037,6,35.00,0.15,178.50
OI-0002166,OR-000744,SKU-0057,5,11.57,0.00,57.85
OI-0002167,OR-000744,SKU-0047,4,42.92,0.00,171.68
OI-0002170,OR-000746,SKU-0018,3,3.17,0.10,8.56
OI-0002171,OR-000746,SKU-0056,6,33.56,0.05,191.29
OI-0002172,OR-000746,SKU-0044,6,26.37,0.00,158.22
OI-0002173,OR-000747,SKU-0054,2,31.89,0.15,54.21
OI-0002174,OR-000747,SKU-0020,4,31.62,0.00,126.48
OI-0002175,OR-000748,SKU-0001,6,14.26,0.05,81.28
OI-0002176,OR-000748,SKU-0024,6,21.04,0.00,126.24
OI-0002177,OR-000748,SKU-0041,3,19.76,0.15,50.39
OI-0002178,OR-000748,SKU-0009,4,33.65,0.05,127.87
OI-0002179,OR-000749,SKU-0006,3,20.40,0.00,61.20
OI-0002180,OR-000749,SKU-0017,3,9.51,0.00,28.53
OI-0002185,OR-000751,SKU-0042,1,36.89,0.10,33.20
OI-0002186,OR-000751,SKU-0040,4,45.53,0.15,154.80
OI-0002187,OR-000751,SKU-0022,5,26.86,0.00,134.30
OI-0002194,OR-000754,SKU-0049,5,15.18,0.15,64.52
OI-0002195,OR-000754,SKU-0040,2,45.53,0.10,81.95
OI-0002196,OR-000754,SKU-0025,3,33.88,0.15,86.39
OI-0002197,OR-000754,SKU-0028,3,34.65,0.10,93.55
OI-0002198,OR-000755,SKU-0001,2,14.26,0.05,27.09
OI-0002199,OR-000755,SKU-0050,5,46.08,0.00,230.40
OI-0002201,OR-990003,SKU-0033,1,37.17,0.00,37.17
OI-0002213,OR-000762,SKU-0042,2,36.89,0.00,73.78
OI-0002214,OR-000762,SKU-0040,2,45.53,0.05,86.51
OI-0002215,OR-000762,SKU-0013,4,12.69,0.15,43.15
OI-0002220,OR-000764,SKU-0046,3,40.95,0.10,110.57
OI-0002221,OR-000764,SKU-0024,3,21.04,0.15,53.65
OI-0002222,OR-000764,SKU-0044,2,26.37,0.15,44.83
OI-0002223,OR-000765,SKU-0027,4,10.49,0.00,41.96
OI-0002224,OR-000765,SKU-0021,3,3.76,0.10,10.15
OI-0002225,OR-000765,SKU-0053,3,10.85,0.05,30.92
OI-0002227,OR-000767,SKU-0012,3,40.02,0.00,120.06
OI-0002228,OR-000767,SKU-0021,5,3.76,0.00,18.80
OI-0002229,OR-000768,SKU-0050,4,46.08,0.00,184.32
OI-0002230,OR-000768,SKU-0001,4,14.26,0.00,57.04
OI-0002232,OR-000770,SKU-0044,3,26.37,0.00,79.11
OI-0002244,OR-000774,SKU-0043,5,47.93,0.15,203.70
OI-0002245,OR-000774,SKU-0042,4,36.89,0.00,147.56
OI-0002246,OR-000774,SKU-0049,3,15.18,0.10,40.99
OI-0002247,OR-000774,SKU-0034,2,24.16,0.15,41.07
OI-0002248,OR-000774,SKU-0043,1,47.93,0.10,43.14
OI-0002249,OR-000775,SKU-0030,4,47.21,0.05,179.40
OI-0002250,OR-000775,SKU-0033,6,37.17,0.15,189.57
OI-0002252,OR-000777,SKU-0049,3,15.18,0.15,38.71
OI-0002253,OR-000777,SKU-0007,4,39.44,0.00,157.76
OI-0002254,OR-000777,SKU-0015,6,11.18,0.00,67.08
OI-0002255,OR-000777,SKU-0034,4,24.16,0.10,86.98
OI-0002256,OR-000777,SKU-0010,2,37.20,0.05,70.68
OI-0002262,OR-000779,SKU-0049,4,15.18,0.15,51.61
OI-0002263,OR-000779,SKU-0004,1,35.25,0.10,31.73
OI-0002264,OR-000780,SKU-0057,4,11.57,0.00,46.28
OI-0002265,OR-000780,SKU-0038,4,21.08,0.15,71.67
OI-0002269,OR-000783,SKU-0024,3,21.04,0.00,63.12
OI-0002270,OR-000783,SKU-0001,4,14.26,0.05,54.19
OI-0002271,OR-000783,SKU-0057,6,11.57,0.05,65.95
OI-0002272,OR-000783,SKU-0001,2,14.26,0.05,27.09
OI-0002274,OR-000785,SKU-0009,1,33.65,0.00,33.65
OI-0002275,OR-000785,SKU-0026,6,21.39,0.15,109.09
OI-0002286,OR-000789,SKU-0059,4,29.19,0.00,116.76
OI-0002287,OR-000789,SKU-0043,1,47.93,0.00,47.93
OI-0002288,OR-000789,SKU-0030,2,47.21,0.00,94.42
OI-0002289,OR-000789,SKU-0001,5,14.26,0.10,64.17
OI-0002294,OR-000791,SKU-0046,2,40.95,0.00,81.90
OI-0002295,OR-000792,SKU-0013,5,12.69,0.00,63.45
OI-0002300,OR-000794,SKU-0011,1,30.63,0.10,27.57
OI-0002310,OR-000798,SKU-0050,4,46.08,0.00,184.32
OI-0002311,OR-000798,SKU-0046,6,40.95,0.00,245.70
